,0
0,
1,
2,{'a86d429defd00043238ab94f113559a8aa5e7bd9a798872ebd75983182db73fe': 'https://random.com/RG0mb0aghzXH4tXPcREvcuTZhEhqJTIhBcI3KO5tz8U'}
3,
4,{'247e23c6519112ce3538c67159024bc552a85be7173b68a40df5980839f4f5dc': 'https://random.com/XT2ZFSjyq7ZQc0JkNlJe_rpwqcSUqNfKkoG_y4SZKJw'}
5,{'4c416d2f96b86c024b84d0e5faa72ed2d320981aff4471e025ecbd19b3a82339': 'https://random.com/n_dJjgbZzt18HPU1PKUdJNC1Fa13OiLV3fH7XJJIaeo'}
6,{'3c5413af5085af31358919e1d0353fb46446bbaf7385856fb5a59513f7fd005e': 'https://random.com/OohHqe_-KGT4ZBTgbPSGtU5nx0dmIfEZrf2jMBFglk8'}
7,{'cfb15bb904fec8e1a201c4dab0a070ec4f9330da63b91b232dbf2db8fb0894f3': 'https://random.com/D2y1Ssm1ZKPK0hAB-hzc8HTFsSTAwub4ASGZ_PFiKuI'}
8,{'f0a90e09425e4ba14722d5b351795d90d52e6f839cd75dd8d72bb63c9d46ca54': 'https://random.com/ITOQA0iWY-HSZZYtONazfLk3UuC-GDPvKCo1SGPnQpA'}
9,
10,{'d71b79ccda6bdc382940699e58727ae43f6d9fb52ec99551bfbecb578b1b2d2e': 'https://random.com/Sm7NuyXtnLSKrTw3TyHIbvpzJmKyUZyTds00y7RgjBM'}
11,
12,
13,{'a7066734a478ece93f756de745b6a18fdc76b7164035617090e735b378f84699': 'https://random.com/FReoGIjfS_arOJ_rFm-5_aO65Eo_CxgC2ScJ2IXLPCo'}
14,
15,{'5f8fd76a6938d65b69e3a0ec6ad55579bdd972a4759a478fd912fe6ef97d6a77': 'https://random.com/vnMyBtn5_BoAwSNQ-uS1S_cpZnnZJ7cTQsFnP_VNpL4'}
16,{'7ba010546c4ca986a3ca1065718363c5b84b7558470c9006bc6694a3ef225904': 'https://random.com/83u_gzi94RyOYilWrnyJWkRBSXsiR3YYFzTnZTWNdiA'}
17,{'dde7f9b28d2cfcddc2830493dbe1d6b125b85315e73633ce17c58729a550c0f9': 'https://random.com/Bp-ycZ_jEhDDXs-4N-rscn3GYx5pyRgc67eo6witmJ4'}
18,
19,
20,
21,{'6c303a1a84c37757d67eeef0c03cd0d34975d54f4017c79b1fc620cf5b119f79': 'https://random.com/WhTLS4fO6b1vamW4YXoHkYfftoHTri_LXKHcxHto69Y'}
22,{'aa89358b1b929f276bf5eb288b3ced5842a90b12c5169880dbb80e5af4817632': 'https://random.com/EEpZZGUswYbPX8CVtAIH5IjHKg6GzfdRoMxjBdq_o1U'}
23,
24,
25,
26,
27,
28,
29,
30,
31,
32,{'0631fa227c1f5591d257e9d629f75fba95ed54bd401e3789ea599b6806df4f8c': 'https://random.com/6BTDSP500m_kMVvoeaIRE5d2SO0rFlVJdZsGWmYDNL0'}
33,{'ef5838721affa976502f7805b7eefd5838d91e1a977cc5cac33a72cc8477c705': 'https://random.com/T2ULPT4SGG5jebwNAZbQru8APQWlrFeUzAGgaXM7jR8'}
34,
35,
36,{'ff8cbb9e25bd7f97218de578c213c8d1e35255bb75fd465c1ffd6e781e98e2e8': 'https://random.com/ifc9O7BFh2pkeuvEdlTcFJAC1BJFIgH_WW1xjBwEQnI'}
37,
38,
39,
40,
41,
42,
43,
44,
45,
46,
47,
48,
49,
50,{'b1ee3b1523c8d246e99e0094d39c7dc484ebf1fefe9ae10e29d23ee3de62103a': 'https://random.com/NZjHJO4ScVuLTwzzttldFMCrabFaP2bwaIMTYj60V2c'}
51,{'c6410f96bbad2f4abd71d3fe44f996b0ab9c38d2a1ffeff9ba85bce98ccea53b': 'https://random.com/dpvGx6dY1S9exf-bL0cdyCIPYl9e03NwiLQm2tTIMI4'}
52,{'b81f12a62403f8c4202ff99a7944842d3aacb710f82c910cb0699726d6e582c4': 'https://random.com/lsCCp18HAixe4xl6e8XBZFNKPczOx7K6X9XUHo9hD2o'}
53,{'c84596ef266d8293db187d7f204c0813107d197a5cf613116cea778f8d964e15': 'https://random.com/Jp2tSjSn5k0jhlAe8IK1BAb6YYTp4TBWrXJcnaJuAhA'}
54,{'52d5f4d0d031e7e2c9669aec1c180a5f757a33465bb677dcb0210743b23712f2': 'https://random.com/_T69VnH8KuThRcFlOrTmecg89VkCR9lyXukPbHMluIw'}
55,
56,
57,{'e7217dac5ee91f3a3040ae65671d5ec8e0e2d4cfe5f2ab504927986c9c46e06d': 'https://random.com/t60lytDWphlRf1eOVNer5dGNWQqceCTW8SKqUD2Gchw'}
58,
59,{'7042599a506b3077638d8be3ed3f39acf929c0c462e09904dc11dd8f102ba61f': 'https://random.com/IHAB6qwvsSYyj5rrz2QeYLDcHs-JWAD_K3tc-CQLPNI'}
60,{'edcfa7d6f66e3698795e4b52d7931a15d043193075dedd6f2fe30167e8eb006c': 'https://random.com/-6Ll2OfPvq_FhXq3cgRWoKi-pRGTH9HWtXMyUd3uJfY'}
61,
62,
63,{'ead98e034418d50e63df2aa8dcb6614102d8e27c2e7444dcb3180fa721c58a97': 'https://random.com/xt_Hs9fv4XRJVmkBdgKRTiA5rrpRyp4wvnsY6nyiYJ0'}
64,{'028b0f36c78bf05fb5b1f9a4f76e1e51d0473d51a9caf0ec163bdc9db6280144': 'https://random.com/EM-yIJiu2Jcfe8-C1BvSqsOXhIRolLOwtyK75WHvwmY'}
65,{'4dc064dad3576ceffbb23ed200a835cf912ec68b64b4dd4f9efcbb5f3e7a485d': 'https://random.com/g5s40VRndK9363k-a_kS2zXxzOba5CS84vK--zxL3jw'}
66,
67,
68,
69,{'cc11514571529c30b4ee48175ad9aceee2883a9dceccb3d6d6aedee2071b8f79': 'https://random.com/BXwFKfl_zxJCRkdwb4HZMej5_uyGAPkWBuPjE_QWwBw'}
70,
71,{'8c88d85506fb5a7e5120fd1e0d719a35dd3178f21fe59e12609d8640f94b599b': 'https://random.com/lH04h-2MLWGQByvSDJYXRsjLxzfoL6HDXVpMYqZiul8'}
72,{'90421644947788f9332061a8c42984964462c3d899628a44ee7ca41eea9fd430': 'https://random.com/N1vxbg4_TePcvglkVlMnoS1435rMlBk6HfCXwiBXAOM'}
73,
74,
75,
76,{'bcadee7878ecc1c057ecb9a0a4a4f97b78e37f9ef6c0f80c678bae79de077d20': 'https://random.com/KCqsCH3S17B7xaduCYheIjMIkvP6gDNeKhFAAHIQAAs'}
77,{'42d2494dc341bc0621ac1fdb9062a806a793eab17179d245edbd84683bf347ad': 'https://random.com/2Ywik6orAsEMQpe6TOyVv2PGolfe8UuV4ACpQONAz7s'}
78,{'6918baf20cfae67e63529825c1e7a4df3a6a26f11f98e0297e3c3b3d1bb42db2': 'https://random.com/HrXn4JCsk7XUspxjqvJ06UVgsFRE8cJxY17aLo7JiGI'}
79,
80,
81,{'339f6a2ec383bb03418172c441fef928bb8d59daf2a69f3a26cd58e72ad35e4d': 'https://random.com/wTpPXorH2LxRNS2wiuOFn5snbSYzL5_M4wLJ62MMmoI'}
82,
83,{'b10769cfca1e4c8bffdff77d9fd9374021ee10dc09cc01e14c70bb32070b104b': 'https://random.com/jk5VnydVaEb7DKcXvAkbX3mSmME0o6Et8ZUH8GwIlXg'}
84,{'5986052d79ee5f27dedcb2a4699311edc45775d8ba5b362d53e315ec384a0450': 'https://random.com/OF8-hyD5Mu59iPHr6hAw7BR4abMk3bF_wKf-la6yOfU'}
85,
86,{'5506e009867ea755c8941402117ff09e5715383953fd41c6009951cd12bb8826': 'https://random.com/wZewXeEIknWmgp5RG9tHQKpXVSdTTIER0n7Tpz2Y6hs'}
87,
88,
89,
90,{'359b7c1fea594a11bc8ccde17a799df9d48c22a8dfdbbff0915f614e9223d456': 'https://random.com/1bbnrTyRqRl_dxuAtouVGFh4jWzWlk_kDy1JasygsTw'}
91,{'060375b299f93fdb5fe3dd914fdb8055bc2fa7358a3642e2b20b3431cfa6b73b': 'https://random.com/NWImNO9cZmt2kc_IATA9QmtWGb9wy4eCOFdC8aSj-cw'}
92,{'fcab25344cc3294ecb4be55543a7d536c64a71186f44edad064ad1393eed1d14': 'https://random.com/s0TqKyddV--QCEenmm5IoD46LTBHG3RX3EzHK2Nu-go'}
93,
94,
95,
96,
97,
98,
99,{'edb7b84d52690c5d92b7c1d0dc4de56eecfcc9ff8f0ff49f481818fa3ed71f57': 'https://random.com/DFWHkzRJ5YCKUQSqO9DXi_FMg2cT0UOmALtO5RAmJoY'}
