url,url_content
https://random.com/nhkSaUtrliw-SC5yXij9Uyo9Z-aN3cCslgzDngj_VJ4,Z3ocuJQOleW6fnr1UmjWXeitextj2R4ZUmT2Us7gpDY
https://random.com/2jUWKkIF1U3TidGNjx5DRhkc_VfgdyfKBt4100Rd7Zc,6RznnBF51u8U0d5LzW4Fe6H3CVdpAMjvvvOmiiO-1Qk
https://random.com/3H_kzqZ_1bYYUBnQ8bb7kNk4RNF3QkfE-bxI_4dXUAA,z3ut25MaYFd8PwvQnglcCUlwNNjq1G9zQQbazRJVGJ0
https://random.com/mvQ5vXaPvoyQj6EM20QNSc8mkmvN2CokxMrOziu0hTk,9wwOIgXJ36P35m4Ursz0JG5toToDqmralWN6RAxnQTA
https://random.com/ymkWPt1PlqKgEyDmDnBfuEOqEX4Ad7VQsZn5C7v2fgE,muB2yO0MHHQ3GxbiWyyhDSpCajgBxhpQ6upUkO2yAJQ
https://random.com/oN1MVZbZMll12kwMy82J6-MRFZxnHDl9jIOKb3octww,pWuNffvg3K4p8ODORT_0tYSEquurBR55CdxA22tk5bs
https://random.com/EWDGux1JOjuEPww4lJusRMOTp5MOLlQkMS-0DBX02Wk,raZGf8t0LLXXB-Si453GN4V8xVtoS2oFzoArZ1nJshc
https://random.com/9ovHmq218Tym7n0mG7UpXD5I9tLS2gjRa1mf0djLdTM,WMq5z82faafPpTGsLSGoLtPMnMMIci1Hw9WRM_KhZZM
https://random.com/YfMiqlsnJhW5o8i-z_RRtBehNlt6VOb9qEZQ2tQfPgI,YDV28HAQDAjinhP7IKfOgLaW8PxgJFoLwnPjj4ZHu2k
https://random.com/5vnCRGUhdI3z6joQ8ifuynLNy1OPN5UbJEIDbgf9SC4,o4nPT9WCd6wTHNABgvkTWSya5Zm_36vo902BICVd250
https://random.com/3fz3EJSUpwXEr7tH52GLmlZQF60G8CbZnJ2FxKA4j34,32U8eybE5CGU6tkgG9NfDiDE3eBSOq1moeRLBznBXLg
https://random.com/do6rTbTivICcIusx7NGgOCpZlVlX9IHNCvklF0FRi5w,qnroggB2YmNQmBca0Vr0pcF6xc27UBnGq36ibapXxUU
https://random.com/81GtRLuhH972achC50lpCG4vqGgyKhKQHU-kAhZamwk,cm6JCapYwc5f9dKJwMbjnCMWScKuMCEw8Q4O4vm7UBA
https://random.com/9akO4ttmheWPGofoOUZPXqJsDuIqgSJ-lx6OA556Dnc,ws_jLZ13qttCsQn_XtjYHWctUJil1n3puUrt7jD80yY
https://random.com/pklhuTvAgrezLnsXcYJ0UC8Y7wU3ms5Tk_RHV1T0xFI,qWDJNJcqH1-EDpzLsW-dzsyFpzCxSpeopc1muGmLIYg
https://random.com/8YKKQ9vlXSj0HyKIavE_BV6WS5APVo2cQMOCO-aduAM,p9FSbdwgeSL4gREXcZSAXwGpLU1YX-RzfnvgG5uh65o
https://random.com/WdH8hYVbmxJ2JyNGhmxVvbXOEkvbNNEEmDVcGGCcGcI,UqR-2HYtIomrR3rTPp-WOA0qIC0BhEuGl4LC-Ks0vOI
https://random.com/RJDREOz9__tus34W_nT6iKTY9dsAh4n7ngSm6ceaSdc,bPBwQm-cnPz_yUIOu9nvg2BVKotfnP35LfsAsSShSlw
https://random.com/_e9nsc_Rqwy1rUlxugrMzGG-p9KQ3EmTLgctE8VTNx8,ZK8eeUkeQi2h2YZ9xnz6sJbuF6xypqKUyyrWoXKG7wI
https://random.com/yDbhBVEuKiGm31ia9ebPhL8zrq7zCY0PHGFzKMkAic0,Ud6LxUNcXPzuYtdntI16SgoiA8aNwEttw3OC-ANiN-c
https://random.com/XFnfawRp21RC69rCRFZ_q1DT6Qu-nDmSFr_rzGW6iOY,sS6sVwD0gGO5i-s_LZqZ5ac14hvxF1DPlkVef3dJytE
https://random.com/xQQ_P2GanyW7iX7X48byxZFyst6qot5gdu_4qukcyso,DU6k6beLAUtVZ9c842Kh6eUyhGk-xNjs4G6IIT05quc
https://random.com/Ur1exdZkuD2VGrvhkxYePGp80LF27UWCTX3jyhHOlZ0,yRS4hsiUlWwDKiGF1DXs7Q9Tq9-NBgj7zwmv7wq2qdw
https://random.com/DWlLwiOqphgFjm9BoG3tivKVUC0z_p_CSCjoMfNxxcs,_OJ_Teoa0l5jQLI7SoR6RynnFXNr6WETRsJ4ZStQu1E
https://random.com/IiXvkkFTGSlpqYGf-09uoCS03NgTudvLt28YKaaPiXU,Q2NeDTDdQrWzFgClC0ltYzRT3a4yv3nllGWRBwAMqm8
https://random.com/W_9alsNAMQnDcfAlRukG08VczI2rgD_U4zp39xAU_Bk,3viMWnCWqhbsGaVYsoAU2OtXKGYQAO5eKbzIcJyiTBE
https://random.com/_PJYkg41u9xiUZkloAYjz5n38JDAmWeKIVUlJkzjabI,h__I70XWSmIzyKbYA_b7F_1an9FVMg0ZReHZyf1nQ6o
https://random.com/3EBoEPiK5kMr819XrBX1drwlskoK5XechSi9MxBXNr0,5ZxvYqroScIR2zBK5C6cKlwYdZdIn73T19TQvCoGdUA
https://random.com/sT9JUzJrkMStYyr4fJovu37Ajf0TNt3_b28SVFqXRLo,KUaUupQarljNUoL1q8Mz9J4PA6l9eD1nibffN44Du08
https://random.com/lS2fyxAU0v2OWZGyYSx2NRbrl8oP3URe0xU8mu3RHOA,SMITM6OoCfNZQNWmbWnuAFF4FLmq3XJ3xVdn0E0ALp8
https://random.com/AOW-jd0yQ9VeDWGvwZe3a3EB6fx9qDzMeD5YnIIQWyY,gA7VbnYdWOVXriNZdUb0cuS6BEpyKRaoWwaXQZFAfik
https://random.com/__rvqZpx7RsIMdIdAkGGiBLUquPrG9Yrg6S7PM2sfDg,icAd3tB3iOXT4--a-8KMP3hFiYT8GTSwpOVs_YQ2pTA
https://random.com/iJw8WPC_5YvOCVCP3qiIPoT21RkAGHn6pFzYUvFwQmQ,4dsxTYPPctsuGPqGEOHc__fBnIddv-a7DoioJJYny3g
https://random.com/46d6DkksTJDZUdlY7m4nKoBTbw0jkQhQAUHHnAEv33E,T7b44TzGUBExZAgKrNofuLOi_VIfoKKw_FENITT7jh0
https://random.com/-uPQXFL9omuxHMI_eju1cJ5M2Jp5aIs_gLtXCtN3bgQ,BuoreMQEKmCUcSkg7K94aD05qkKAmnwWNd-XigZe17M
https://random.com/8T7NfL2B8_sRkdohlfVeVGbWOoFPgpb2A7tfMmAW7I4,cHI1GFzb943imoTiQvfWQse61sC0OHhc4wqnS1vRTDE
https://random.com/tYA3aYKJhByaL1jdSS6LfJZytIXYbaNhi0XlT39emro,mp7PiW72nz8_rywJ6cDfcAYqHlEIulzJNf97K7VLVv8
https://random.com/0ftHFJnJQDcPB6J1XlJecNqW_RNG-ptxNTsRlsH6XUI,Qoh130qOhKsvbb0eR4eeC4RMhdDTEbLMF2iqCFG5GCA
https://random.com/a_mFvGxosBDZCy462TeHGi_k2eXs8OHM_5LwSQisN-Q,1h8CCyqa1fY0bgh-Fnsucvd-BhHQbrKD7izz5oD6lzI
https://random.com/rsr8Mr7AkEQgIWHaTo5wsSHDjhcEInSk0N8CBTXfTWw,wP1EbvjdrfNg98dWdIH7xesyImupFXX4fVLKmqpDQbs
https://random.com/XTdT6BUrCV1mummla-uMOy2dcfJPUYlES6eBUcEcz-I,2ZVFwVjyWCZeZ54fe8i_VMsiGgBdPKOzz4tny1TWtU8
https://random.com/Wqks8EHfjQBZV4ua52FQ9pEPaXNffUfJnTuuQdy9eps,V8pMPr-tJOnZl0UZyZkdqX1LMGiCNWwhAcOtGEqZviw
https://random.com/vvr12VrOR4FALDZkNs6B5_25c-VSmojj_0flPUyxo1I,d7LAPBqT8rXj6RVjoHzIPQ60aPidYF8tElbRZxD4QRU
https://random.com/DBT3Wi7UBk0562V1kMBh90ClkG1r4wMLZHYvK5a5uP0,GiLEvxjH8EFy007p2RqO27FpSKfCOuvEZTI-HY66oOk
https://random.com/HVrreHstVJJkmVdInlAtBOT8CfMfS9IjA0mIRnWn_rQ,PNKi_fdpK7Hc-u-JrwqfRTU58ysErkt6yi_P5Anwj0k
https://random.com/C02Xzvi28pilA7gD-GEjO61vez802W4KkJQsWb0na6Y,Z1lK7eXnoEtUXNZW6tHVemXyoIrb77A4l-SstavKlxc
https://random.com/zpTdRP1UJRUJzs7UmSgpJEdNf1rihirru5xHifR8jts,YmfLm-u9icLfYN1dVSL3eMSQxBSe-soch1MbitBrkd4
https://random.com/43RXjQS0if16kwMaUS12k1Pdg2YMlntnyBEDhQ_tVpg,aGc1Ffzw_4Ez_ID8bJB1D0fAIA6OqoGQeKOtED9rGJs
https://random.com/u_EzrUAErHSew1TV1ON5WX3_VqRh8QI1GxlI1yvjbNU,Sxs4SJd3QUvQzHH6fDgSo8pxFW4kJRjDwyu3NBAGaqA
https://random.com/tfOZk8FZYoKVtIo6eZ6u12KskpGDYi88P45rPu4FOo4,Qg8tnFQK2mQQJ6E5A2TiZO0pbKvWFscNzU5adVrk8Lg
https://random.com/pyfMqUwVANFmO3FDKq-BpSRun6C7vCmrv3BpSBFPfpE,TLZNi3yP-j9Bc4p6xbv0Dy83_F2o_HiHQy-u1Qmjc0o
https://random.com/7bTwoSafN3wtP-DwZsuxXuVZ-AAmPsne27MtG3ZyMGc,5h7w6qFztTth_4S7CbUZW95eu9PzvMO0vgjXW_Me5ds
https://random.com/XFdRQc-cqNUN1ollVVbw-tVCNsXkBX9c8XMy9Jd0VpE,IVTFHzT0npupTWICL0wSiSCwC5aQqdePSGeefIsIPcE
https://random.com/N2FTSMv9dyHesO4ZVetfkx8bCeXPkj96GJV4AYblyLw,_lCy6IAYqfZZZwZb_QMGXrjLkC7QCR3JXCr-A14P2Qo
https://random.com/6mNZVldSDz0oSO-VoXKmwBHw4WpZj6ZZnU-Q-nlghec,gFszFvzx6a5ruT_u9xLYNn3XHm7-YMFYQbTS4Ye0uu0
https://random.com/yUroBahnRnU-abbG_4r5wZySflTFVsrlELqjCUOKwaY,e4m0Xpt_yHYAp5ZwbhbnZ8fwTiJgIWxOFP_EwiMIefY
https://random.com/cEsukpbURFRapQoqHVzI8_HrSwjX3rWy-vK4xNpS6rQ,ospQ2j0Eb4eg1S8ksk_47vz1NcJNLIQQ_oWX_KSHBJc
https://random.com/akqAL3AbcIxEiAaLKoKpjmL6QkZKvqYzSficyXVy1fU,EFkhjNn8RsI1tGvdXfo9s8DgwBIJkNQvgb6aRFDQJyI
https://random.com/QcpWa9RasEyUQQOSSGALB9ofu6Jl1rYzJHUgpkwg2y8,mNNdWPxYYSEL_Gg3TJraLA4eD78I46YTirkd9ee-v3o
https://random.com/tdVzwy_h1r5YVE-D6f1GUmewOlmQCXQmEdHJDhwjsWM,BRaaQJaw7RMrsA5LvtlZaAg619qlPdMTTox_7IcDFjY
https://random.com/pTrmet0QO9EQvV_lNrvZl70wkQQe2piosuz4Bt85sIs,yzVyc7BcedBNiApDF1K6hsuxiVe2RZU-iPhbuBdSSAU
https://random.com/onGKmxja-Zti0hHgBcZjSiYtUdCiFPykrk82IJ7z0gk,aN3t45oxqnTYfAdgpLVqNl71BQgkVv4xqqBexfBS3tU
https://random.com/4aAsh2j4Quc8mBcKE4m8kNs0tvtB88jAq-Da0MzjdLQ,xckL7PYwA_0viGtmqzBP8rdx1iDwAB8KrLUycBoOWkc
https://random.com/gzxpzwQXgmHr3TTn7m20ZgzPqycXcr7UYZzj1rGvDew,S6xGmfayfflFFvCnmdoc_Uk6CJMSzFUFcRODo6-GyYs
https://random.com/txN5YnwEWiA_ps066yLDuqyeJpb9k_qKAfUGk6vhm4w,ixuNQN0Wq1yhTQl1EYDpBgW_z8RQPVR9I8cnfNVTXKw
https://random.com/Kb3vWhEd3ZoQBwm2KVvfMxBqsmlP37YIU3SCOl_9a9U,yQ0b8EjODXgcRTSTnicfk0gRN_J7TLizJH-ytBpH9EA
https://random.com/k-bjzFthgxnqrBmf77dAPpdTOZJf-cN0q0Po3GZ8YnM,I9Jf8MelWsxvDS64WEU1Xrz0C-Lnu7D9-VUxvy6PZK0
https://random.com/KviJcN7kOJ-YdnoU2IGPK4WARKbo__BwBnxmSyfvg14,0s0897p4bmfqmrkNMfAj8c75ragyMMS5KQr72Vhw5IY
https://random.com/LTLN-afpJNGGIKyYD5iwlvpD9RYWYdC7RS4rL4fZr7I,7KpZx2qaMzOcOfTXicUPIOwcIQ6X7FJ1keLZd4lz4so
https://random.com/5v2ZFFlUsaRhQWPLReddCiG78KZI2-W2X7E-m8frhFk,iCL5Q58jTZUXEA_G0p0Sz8wQlGPksfZXOqYIomy-crA
https://random.com/KDEHHf6EFIDDa9amaHtRW8ICDPrzY56jkFqpo_i7qFg,uP6YNJejN0JL-fmZJF2ae1X2hhhk_OwciEWIJToWCaA
https://random.com/oP7P0Tj8zwNDGbldZmkytOcpA1Y-J5z1V9QTgiqUsyA,29NDgw-zNOFkpxGJV-Y5JLGZPYDtm441l90s6nlDsmw
https://random.com/NnISO3U2fmd4NWJ_-TbdIkoHn4XO8nW4zZZuHp5Xvoo,Ivt1rHHQ1jpXRmAlOEHvxgSjROYf_EDgY57F4q5ZNvs
https://random.com/Q8GD0PzXli4vY55cxrkIMoPtmw3RlpYiDziw7yVwSrk,5SxUmmkO5Ld6QdkQAMGY4tlT6X2GQZkdIejc-3eN4Cg
https://random.com/j-nvT9Xmb4YfyqUrgtDcKty9z_lxo1x4Clxg84J9j3I,aYJbNCvVM3zddDgbN8w5ak4QqIFm6mU934_o9LSi_wM
https://random.com/llfedG-FtghTDD-rAgrEdMgeJiqj1uBhm_82n3jq-so,UZlOrgUjh89-8WbQC8fbo4C4xQ2Aoro6L3lZBrlR4sg
https://random.com/0SmBap90Yw2CnRCTW_Vdm7bugof_KetCdBk6--2yILc,vTgyQoMTLfSpvXtJdN2GClvg-NFPHOSdtAsGv7OWHxY
https://random.com/nC9dyDgbRdCqckgycDQLlbxBuwOWCDP1UR30WwSban8,PLO2u4QjuIXuWqyq1veo1ldNsLewfLYje0bmnR8nPv4
https://random.com/DfiCvIwUW742dHJcvi_xluAo3r3reXmQXm4095qLKAo,I56OYG6ttKjQEKahwe2rr0n8h0Z8zmLq8YmH-oZ4PsE
https://random.com/bLQYWnTSHT4d4UO1FWCSo_F7l8E42tSSkh1hycXfFTY,3zF9znhjdlSStsVfuqNUBHTBt5OhbPMyDaVP8CWsHq8
https://random.com/Cp2DilWZbHfwEAIRfdmuhMezCEgEIzc_D6_eiXxHQyM,JQzrvBo9D0h3rlch8BeTzbKLwa07CSa0YDYdVlpfRB0
https://random.com/-ZjTVZiBjYH8SEQ53yc-7t-u41JDqzfVyMp9ZddIjLM,sxKb99jVmVk0vbGljTyPAuWz9uywfIR39NBgeQEmONI
https://random.com/XoTVAA-ilZkcCvrX-7WHk9F9E97S1B-W_GUcVaDYBR8,XlVJCOL-SMkhLLK6cIOcv2FUFk_7Nqm8FHiLUrwe3Jc
https://random.com/YINpXarBI3UdVGhD0nXABbV9Fk8r4Z3TFTqKPghsluI,X3U4Z9oVxX_mKxKXhab-_sslUh0Nm4s18mJLop5YsKg
https://random.com/sIxgAATGHl_yqeXxWaO5fdpMFgEE-n80vOSWmccKVBQ,xxMe0j1GVxX1v6X44GpeHMCHUMIMnLdJ757Osaq_y2M
https://random.com/DzZcFONSJcJkyK9b4b-qjjC5JGdped5Cd6TTITd0wo8,DBtGh4eJ2cYA4VvFpQ3kqkle2tEtIZUPqoBk5VLzN_M
https://random.com/4LuObhpqvQeprvUFvqPSIIIN3SaOk1B57gw11pkbLiw,TppvTbmnfKORN_Xr48vOaYpwfFBj_rJql53Kczcx6IA
https://random.com/Uif52zODvEKRbc30saVRF0BAdFDA1Ast9tEEOV8OKKM,Kmsxarq8PBhKEBeQYdWq9yNUGP_HbOrqnMepG7WcOu8
https://random.com/nYByQLbdC_deD-wMIWRAf23CoNoMKv6hCIB_KIER4co,K9RasFs69a-cZ_1vyYwZOa-DhII3VIHwvZD7tqhM6P0
https://random.com/0JlABKmfrksOtvEf3-cYKiITC5jXaNiXYK1XRe2_DyU,3nJkUJ1zRL7FbeLoxhI5e4xDQLzYhqX_gF_7BxmjqII
https://random.com/nwgW0O3wOpVLEUteLQw-C-MIjgZ7Mwj4WHhoUKeAKYU,rzXbGaN4ssHGYGomhLZpf9ceuogXgMcK-OVDi_CLl3I
https://random.com/hAe3VfG6MTfBCFyhi_R30-gIcxJoRAcHxyGqsQ2c02A,MyocmoJi5kOoh-Eb56d_p06HxshrQJWCrTFaRnhcwOk
https://random.com/hV8W4DxUseIu0HzGVtvAwiApwKhFkeBcbz4wJxCBhuY,DSGRfF8UZtCiyxlzyikYhnwXEOGlS0eDkJq-r2ToSp8
https://random.com/KTOttZVAl9lqp-8ut1t3lpO0wWusl1CuEwzHSYIme_4,LLyfz_094es-9k6WiUOIsunYlE1S8NflZb7S8u8OejI
https://random.com/-xeskr1QDrNwGDbZEZkMhgzcBtuN6wF2_G5bVWTvnxE,Zo0awE5SAnQ3fwyvQNZuPv4zdae3X0r6ehPa3HtnYro
https://random.com/a0bOOAy9UqhmKmGiUScksITsdKUd8nY0KRCyPgKEnr4,E-c12CmJ-tz6HwJPHmxOYpTRO2LTzJPKMzcTdkw8yt4
https://random.com/0nGD52CvlthopOWWXc3fvMWOpAVZhSfLWkczGRy_bzk,simZtp2e0iOSfCr2kxawGYOs7A_YZGqW1goIcuB6_U4
https://random.com/PwHEkxiOteUnhWepKoAymmeIn4N6BLPrpAU6X1m48Fg,Wj75cu8Fsuo8k249oDcyAyZNMeODcZbxna1YXWBIes4
https://random.com/B51o4oQIl1XO8vPLUektNx9GeRL2EZHz8MDTImZ69fU,OiwUVyxm9y4IJ8POa6aOGtuakVtvVW0gMlM0w4o64xI
https://random.com/oSJkpjErJAIHmoIGIXEqW09ZP8GQkgQ-Q62j1SQdeSs,9Al9qzbLTDhUSc7ClebY8KWC0ocZ1SeNh-c5NmAqPkI
